year	dxpr	archive	member
2027	dx	cms/cms_2027_dx.zip	icd10cm_order_2027.txt
2027	pr	cms/cms_2027_pr.zip	icd10pcs_order_2027.txt
2026	dx	cms/cms_2026_dx.zip	icd10cm_order_2026.txt
2026	pr	cms/cms_2026_pr.zip	icd10pcs_order_2026.txt
2025	dx	cms/cms_2025_dx.zip	icd10cm_order_2025.txt
2025	pr	cms/cms_2025_pr.zip	icd10pcs_order_2025.txt
2024	dx	cms/cms_2024_dx.zip	icd10cm_order_2024.txt
2024	pr	cms/cms_2024_pr.zip	icd10pcs_order_2024.txt
2023	dx	cms/cms_2023_dx.zip	icd10cm_order_2023.txt
2023	pr	cms/cms_2023_pr.zip	icd10pcs_order_2023.txt
2022	dx	cms/cms_2022_dx.zip	icd10cm_order_2022.txt
2022	pr	cms/cms_2022_errata.zip	icd10pcs_order_2022.txt
2021	dx	cms/cms_2021_dx.zip	icd10cm_order_2021.txt
2021	pr	cms/cms_2021_pr.zip	icd10pcs_order_2021.txt
2020	dx	cms/cms_2020_dx.zip	icd10cm_order_2020.txt
2020	pr	cms/cms_2020_pr.zip	icd10pcs_order_2020.txt
2019	dx	cms/cms_2019_dx.zip	icd10cm_order_2019.txt
2019	pr	cms/cms_2019_pr.zip	icd10pcs_order_2019.txt
2018	dx	cms/cms_2018_dx.zip	icd10cm_order_2018.txt
2018	pr	cms/cms_2018_pr.zip	icd10pcs_order_2018.txt
2017	dx	cms/cms_2017_dx.zip	icd10cm_order_2017.txt
2017	pr	cms/cms_2017_pr.zip	icd10pcs_order_2017.txt
2016	dx	cms/cms_2016_dx.zip	icd10cm_order_2016.txt
2016	pr	cms/cms_2016_pr.zip	icd10pcs_order_2016.txt
2015	dx	cms/cms_2015_dx.zip	icd10cm_order_2015.txt
2015	pr	cms/cms_2015_pr.zip	icd10pcs_order_2015.txt
2014	dx	cms/cms_2014_dx.zip	icd10cm_order_2014.txt
2014	pr	cms/cms_2014_pr.zip	icd10pcs_order_2014.txt
